name,phoneNumber,email,address,userAgent,hexcolor
"Miss Sarina Koepp Jr.",1-931-258-9829,lew.cartwright@powlowski.com,"34238 Prosacco Isle
Elizabethmouth, OH 51684","Mozilla/5.0 (Windows; U; Windows NT 6.1) AppleWebKit/533.9.4 (KHTML, like Gecko) Version/4.0 Safari/533.9.4",#6123bd
"Josefina Hessel",1-424-692-5762,penelope.gerlach@hotmail.com,"2953 Mosciski Square Suite 825
Port Garrickland, NV 76362-1690","Mozilla/5.0 (X11; Linux i686) AppleWebKit/5330 (KHTML, like Gecko) Chrome/38.0.866.0 Mobile Safari/5330",#1776c4
"Theron Balistreri",498-323-8023,spinka.garth@jacobi.com,"486 Gerhold Gateway Suite 834
Reingerport, UT 30965","Mozilla/5.0 (compatible; MSIE 10.0; Windows NT 6.0; Trident/5.1)",#45755a
"Bethany Rodriguez",215-753-2198,garret13@gmail.com,"476 Watsica Union Apt. 118
Nicolasland, WA 84486","Mozilla/5.0 (X11; Linux i686) AppleWebKit/5352 (KHTML, like Gecko) Chrome/40.0.857.0 Mobile Safari/5352",#d7db0b